{
    "angle": 0.0,
    "color": [
        0.7297297716140747,
        0.7297224402427673,
        0.7297224402427673,
        1.0
    ],
    "isVisible": false,
    "spritePos": [
        586.0,
        509.0,
        0.0
    ],
    "spriteSize": [
        52.0,
        28.0
    ],
    "texturePos": [
        30.0,
        93.0
    ],
    "textureSize": [
        81.0,
        45.0
    ]
}