{
    "angle": 0.0,
    "color": [
        1.0,
        0.9999899864196777,
        0.9999899864196777,
        1.0
    ],
    "isVisible": false,
    "spritePos": [
        716.0,
        510.0,
        0.0
    ],
    "spriteSize": [
        19.0,
        25.0
    ],
    "texturePos": [
        32.0,
        26.0
    ],
    "textureSize": [
        22.0,
        48.0
    ]
}