{
    "angle": 0.0,
    "color": [
        0.6600000262260437,
        0.6600000262260437,
        0.6600000262260437,
        1.0
    ],
    "spritePos": [
        118.0,
        505.0,
        0.0
    ],
    "spriteSize": [
        113.0,
        52.0
    ],
    "texturePos": [
        32.0,
        291.0
    ],
    "textureSize": [
        94.0,
        48.0
    ]
}