{
    "angle": 0.0,
    "color": [
        9.999999974752427e-07,
        9.382239340993692e-07,
        9.382239340993692e-07,
        1.0
    ],
    "isVisible": false,
    "spritePos": [
        0.0,
        0.0,
        0.0
    ],
    "spriteSize": [
        1280.0,
        720.0
    ],
    "texturePos": [
        0.0,
        0.0
    ],
    "textureSize": [
        320.0,
        320.0
    ]
}