{
    "angle": 0.0,
    "color": [
        0.5173745155334473,
        0.5173693299293518,
        0.5173693299293518,
        1.0
    ],
    "spritePos": [
        107.0,
        323.0,
        0.0
    ],
    "spriteSize": [
        291.0,
        52.0
    ],
    "texturePos": [
        29.0,
        52.0
    ],
    "textureSize": [
        254.0,
        48.0
    ]
}