{
    "angle": 0.0,
    "color": [
        1.0,
        0.9999899864196777,
        0.9999899864196777,
        1.0
    ],
    "isVisible": true,
    "spritePos": [
        752.0,
        295.0,
        0.0
    ],
    "spriteSize": [
        279.0,
        47.0
    ],
    "texturePos": [
        106.0,
        6.0
    ],
    "textureSize": [
        588.0,
        70.0
    ]
}