{
    "angle": 0.0,
    "color": [
        0.6600000262260437,
        0.6600000262260437,
        0.6600000262260437,
        1.0
    ],
    "isVisible": true,
    "spritePos": [
        838.0,
        490.0,
        0.0
    ],
    "spriteSize": [
        87.0,
        34.0
    ],
    "texturePos": [
        330.0,
        348.0
    ],
    "textureSize": [
        139.0,
        48.0
    ]
}