{
    "angle": 0.0,
    "color": [
        0.7297297716140747,
        0.7297224402427673,
        0.7297224402427673,
        1.0
    ],
    "isVisible": false,
    "spritePos": [
        583.0,
        417.0,
        0.0
    ],
    "spriteSize": [
        99.0,
        28.0
    ],
    "texturePos": [
        30.0,
        30.0
    ],
    "textureSize": [
        155.0,
        45.0
    ]
}