{
    "angle": 0.0,
    "color": [
        0.6600000262260437,
        0.6600000262260437,
        0.6600000262260437,
        1.0
    ],
    "isVisible": true,
    "spritePos": [
        826.0,
        434.0,
        0.0
    ],
    "spriteSize": [
        118.0,
        34.0
    ],
    "texturePos": [
        309.0,
        259.0
    ],
    "textureSize": [
        192.0,
        48.0
    ]
}