{
    "angle": 0.0,
    "color": [
        0.6600000262260437,
        0.6600000262260437,
        0.6600000262260437,
        1.0
    ],
    "spritePos": [
        120.0,
        411.0,
        0.0
    ],
    "spriteSize": [
        118.0,
        52.0
    ],
    "texturePos": [
        33.0,
        113.0
    ],
    "textureSize": [
        103.0,
        48.0
    ]
}