{
    "angle": 0.0,
    "color": [
        9.999999974752427e-07,
        9.999899930335232e-07,
        9.999899930335232e-07,
        0.2980000078678131
    ],
    "isVisible": false,
    "spritePos": [
        552.0,
        271.0,
        0.0
    ],
    "spriteSize": [
        664.0,
        409.0
    ],
    "texturePos": [
        0.0,
        0.0
    ],
    "textureSize": [
        100.0,
        100.0
    ]
}