{
    "angle": 0.0,
    "color": [
        1.0,
        0.9999899864196777,
        0.9999899864196777,
        1.0
    ],
    "isVisible": true,
    "spritePos": [
        539.0,
        229.0,
        0.0
    ],
    "spriteSize": [
        60.0,
        33.0
    ],
    "texturePos": [
        32.0,
        465.0
    ],
    "textureSize": [
        93.0,
        47.0
    ]
}