{
    "angle": 0.0,
    "color": [
        9.999999974752427e-07,
        9.999899930335232e-07,
        9.999899930335232e-07,
        0.6000000238418579
    ],
    "isVisible": true,
    "spritePos": [
        0.0,
        0.0,
        0.0
    ],
    "spriteSize": [
        350.0,
        720.0
    ],
    "texturePos": [
        0.0,
        0.0
    ],
    "textureSize": [
        320.0,
        320.0
    ]
}