{
    "angle": 0.0,
    "color": [
        1.0,
        0.9999899864196777,
        0.9999899864196777,
        1.0
    ],
    "isVisible": true,
    "spritePos": [
        -20.0,
        60.0,
        0.0
    ],
    "spriteSize": [
        339.0,
        161.5500030517578
    ],
    "texturePos": [
        0.0,
        0.0
    ],
    "textureSize": [
        2260.0,
        1077.0
    ]
}