{
    "angle": 0.0,
    "color": [
        9.999999974752427e-07,
        9.999899930335232e-07,
        9.999899930335232e-07,
        0.2980000078678131
    ],
    "isVisible": true,
    "spritePos": [
        502.0,
        180.0,
        0.0
    ],
    "spriteSize": [
        664.0,
        409.0
    ],
    "texturePos": [
        0.0,
        0.0
    ],
    "textureSize": [
        320.0,
        320.0
    ]
}