{
    "angle": 0.0,
    "color": [
        1.0,
        0.9999899864196777,
        0.9999899864196777,
        1.0
    ],
    "isVisible": true,
    "spritePos": [
        533.0,
        326.0,
        0.0
    ],
    "spriteSize": [
        99.0,
        28.0
    ],
    "texturePos": [
        30.0,
        30.0
    ],
    "textureSize": [
        155.0,
        45.0
    ]
}