{
    "angle": 0.0,
    "color": [
        1.0,
        0.9999899864196777,
        0.9999899864196777,
        1.0
    ],
    "isVisible": true,
    "spritePos": [
        536.0,
        507.0,
        0.0
    ],
    "spriteSize": [
        30.0,
        28.0
    ],
    "texturePos": [
        30.0,
        155.0
    ],
    "textureSize": [
        50.0,
        45.0
    ]
}