{
    "angle": 0.0,
    "color": [
        0.6600000262260437,
        0.6600000262260437,
        0.6600000262260437,
        1.0
    ],
    "isVisible": true,
    "spritePos": [
        33.0,
        430.0,
        0.0
    ],
    "spriteSize": [
        250.0,
        45.0
    ],
    "texturePos": [
        0.0,
        65.0
    ],
    "textureSize": [
        453.0,
        63.0
    ]
}