{
    "angle": 0.0,
    "color": [
        0.6600000262260437,
        0.6600000262260437,
        0.6600000262260437,
        1.0
    ],
    "isVisible": true,
    "spritePos": [
        30.0,
        250.0,
        0.0
    ],
    "spriteSize": [
        250.0,
        45.0
    ],
    "texturePos": [
        0.0,
        0.0
    ],
    "textureSize": [
        413.0,
        65.0
    ]
}