{
    "angle": 0.0,
    "color": [
        0.7297297716140747,
        0.7297224402427673,
        0.7297224402427673,
        1.0
    ],
    "isVisible": false,
    "spritePos": [
        586.0,
        598.0,
        0.0
    ],
    "spriteSize": [
        30.0,
        28.0
    ],
    "texturePos": [
        30.0,
        155.0
    ],
    "textureSize": [
        50.0,
        45.0
    ]
}