{
    "angle": 0.0,
    "color": [
        1.0,
        0.9999899864196777,
        0.9999899864196777,
        1.0
    ],
    "isVisible": false,
    "spritePos": [
        804.0,
        605.0,
        0.0
    ],
    "spriteSize": [
        369.0,
        21.0
    ],
    "texturePos": [
        12.0,
        0.0
    ],
    "textureSize": [
        818.0,
        36.0
    ]
}