{
    "angle": 0.0,
    "color": [
        0.6600000262260437,
        0.6600000262260437,
        0.6600000262260437,
        1.0
    ],
    "isVisible": false,
    "spritePos": [
        847.0,
        588.0,
        0.0
    ],
    "spriteSize": [
        16.0,
        54.0
    ],
    "texturePos": [
        656.0,
        56.0
    ],
    "textureSize": [
        27.0,
        78.0
    ]
}