{
    "angle": 0.0,
    "color": [
        1.0,
        0.9999899864196777,
        0.9999899864196777,
        1.0
    ],
    "isVisible": false,
    "spritePos": [
        598.0,
        315.0,
        0.0
    ],
    "spriteSize": [
        80.0,
        43.0
    ],
    "texturePos": [
        32.0,
        465.0
    ],
    "textureSize": [
        93.0,
        47.0
    ]
}