{
    "angle": 0.0,
    "color": [
        0.6600000262260437,
        0.6600000262260437,
        0.6600000262260437,
        1.0
    ],
    "isVisible": true,
    "spritePos": [
        787.0,
        378.0,
        0.0
    ],
    "spriteSize": [
        197.0,
        34.0
    ],
    "texturePos": [
        223.0,
        166.0
    ],
    "textureSize": [
        355.0,
        48.0
    ]
}